MSE,MAPE
0.00020766255465553174,17242961507.605488
