MSE,MAPE
0.0002057964563051189,15824236826.604374
