MSE,MAPE
0.0016264013733731833,54587457887.03852
