MSE,MAPE
0.0014608852757148065,36606480757.82514
