MSE,MAPE
0.0002896227529341438,32481903832.42891
