MSE,MAPE
0.00028325950847887994,38233226844.998695
