MSE,MAPE
0.0003283812564506461,11933226357.687387
