MSE,MAPE
0.0004576893334949236,16531534495.02699
