MSE,MAPE
0.00044961168326703333,17701908618.564182
