MSE,MAPE
0.00032415935858295475,118425595719.17528
