MSE,MAPE
0.00017617605362824163,113885705654.20575
