MSE,MAPE
0.00017641786873430685,108397237911.83878
