MSE,MAPE
0.00026275141897175104,54475160533.87969
