MSE,MAPE
0.00029199559584848603,71705650261.14175
