MSE,MAPE
0.00032995951269187035,23169340305.71584
