MSE,MAPE
0.00028954793953056714,64108179749.121414
