MSE,MAPE
0.0003256687645051259,20332278227.47176
