MSE,MAPE
0.0002632450955023256,102534727656.33307
