MSE,MAPE
0.002390385344996385,135928166702.65404
