MSE,MAPE
0.0012391542256659262,116942566912.11215
