MSE,MAPE
0.0010169118765203614,61854186218.53145
