MSE,MAPE
0.0009992808650584847,377461367728.28845
