MSE,MAPE
0.0010195194873920963,371843534903.23535
