MSE,MAPE
0.00018724479985602927,140419733218.66885
