MSE,MAPE
0.00018735979160714814,106588156895.78598
