MSE,MAPE
0.00048108202075322035,7497972352.694573
