MSE,MAPE
0.0005040161115128896,4761486092.625254
