MSE,MAPE
0.0009009398395200828,12164481048.72759
