MSE,MAPE
0.0009388875393593332,18740710651.152435
