MSE,MAPE
0.000866483293076915,59978215279.025734
