MSE,MAPE
0.0008535246154181939,76613852200.45981
