MSE,MAPE
0.0006312250442072014,32706692094.262035
