MSE,MAPE
0.00024863303269249276,33676801762.090813
