MSE,MAPE
0.0006180528279705983,28560773378.098354
