MSE,MAPE
0.00024828702700692933,41145073227.22288
