MSE,MAPE
0.0002525875225873562,11420357670.406952
