MSE,MAPE
0.00026353288032916267,15518792479.523312
