MSE,MAPE
0.00027425978105699735,80447203099.22316
