MSE,MAPE
0.0001710408089506511,16443468183.584366
