MSE,MAPE
0.00017615154702381206,18683837884.68025
