MSE,MAPE
0.00023128759782813958,40366247937.33334
