MSE,MAPE
0.001016651648846276,51203131404.11594
