MSE,MAPE
0.0014426477315259752,134959783564.74077
