MSE,MAPE
0.001049253466829346,239585883085.28348
