MSE,MAPE
0.00014360977403478153,7586062612.586655
