MSE,MAPE
0.00023966093939690788,88696258183.58435
