MSE,MAPE
0.00014430684417571528,7372370708.009317
