MSE,MAPE
0.00023885918195404985,88125129669.84766
