MSE,MAPE
0.0006128174764241243,43090404777.87844
