MSE,MAPE
0.0005940487129333865,16679395931.75949
