MSE,MAPE
0.0006118726447383117,39690948537.410355
