MSE,MAPE
0.0005982637879844158,14035101454.783363
