MSE,MAPE
0.0003266283756549408,61184772231.35579
