MSE,MAPE
0.00032655736933641984,65689172641.02205
