MSE,MAPE
0.0003320304036316953,11436848487.659601
