MSE,MAPE
0.00022511076248600144,173635804373.22433
