MSE,MAPE
0.00019239572709341636,126260938155.36313
