MSE,MAPE
0.00022373678642815343,205616592483.57837
