MSE,MAPE
0.00019176226075266954,119064718882.26389
