MSE,MAPE
0.0003007647178732043,7137036233.141919
