MSE,MAPE
0.00030196193045185944,7299241602.075151
