MSE,MAPE
0.00033085719172751873,47313481759.18508
