MSE,MAPE
0.00032032126304439745,48668926178.426834
