MSE,MAPE
0.0010781453679926233,51602756207.78263
