MSE,MAPE
0.0022808647096945593,54726415835.13425
