MSE,MAPE
9.441741070202587e-05,78891885364.43085
