MSE,MAPE
9.843870451527218e-05,88362042238.52437
