MSE,MAPE
0.00031832331670413554,232149041548.41864
