MSE,MAPE
0.0002879062989241539,39248869066.736855
