MSE,MAPE
0.00039761512009668117,222724691767.73523
