MSE,MAPE
0.0003824933909870657,182073604763.60318
