MSE,MAPE
0.0015261217601633048,137088194028.46976
