MSE,MAPE
0.0023710966638240457,43965809528.524536
