MSE,MAPE
0.0017312641768919535,35306506258.11333
