MSE,MAPE
0.0012832147222386285,190237574548.63977
