MSE,MAPE
0.000921668334879638,299640688034.87427
