MSE,MAPE
0.0016587671383231143,66848842989.74113
