MSE,MAPE
0.0012587191467625936,66964618097.30535
