MSE,MAPE
0.0013911386915033042,127706573829.66602
