MSE,MAPE
0.0016176025822030938,205233220991.08466
