MSE,MAPE
0.0018042981879702442,37657085031.573975
