MSE,MAPE
0.003379922111777675,109455591382.05919
