MSE,MAPE
0.0011712347859568057,114324187833.35153
