MSE,MAPE
0.0014923492337908038,295402537834.04517
