MSE,MAPE
0.0011144245887412412,273295816475.15805
