MSE,MAPE
0.0009655647616327717,308803840183.17126
