MSE,MAPE
0.0002914987146083354,163648242273.71368
