MSE,MAPE
0.0004141928101327962,156287973952.70416
