MSE,MAPE
0.0002910215892102222,160257332749.12415
