MSE,MAPE
0.0008285940502668335,26441647529.646004
