MSE,MAPE
0.0005925045405549795,8376803450.478082
