MSE,MAPE
0.0006007000934990402,4853512728.865993
