MSE,MAPE
0.0008214963439009085,24452459366.871815
