MSE,MAPE
0.0006328096662559128,153788168776.09814
