MSE,MAPE
0.0006162377235678322,147745319622.24414
