MSE,MAPE
0.001695012655219409,260204418249.63196
