MSE,MAPE
0.0012615341412915728,25328735603.822468
