MSE,MAPE
0.0009067930702786331,26377225357.925842
