MSE,MAPE
0.00019995509481979197,87318269431.08469
