MSE,MAPE
0.002819856559034346,24619676308.726227
