MSE,MAPE
0.0038702333424764234,113117847043.30534
