MSE,MAPE
0.00034685419419419464,59168914023.32926
