MSE,MAPE
0.00017674186716790748,17138211477.144165
