MSE,MAPE
0.0004284408766206369,126626929365.99171
