MSE,MAPE
0.00045122952643371713,31121311921.394836
