MSE,MAPE
0.00033240985968746876,54242339187.06829
