MSE,MAPE
0.0004578727952434327,31430055095.217323
