MSE,MAPE
0.00033798151739236214,55255162947.82118
