MSE,MAPE
0.00024536114887554073,44638267921.730545
