MSE,MAPE
0.0002400277171660569,42468672686.654594
