MSE,MAPE
0.00018552919655215056,16163693400.453817
