MSE,MAPE
0.0002515158394068255,25137914552.437717
