MSE,MAPE
0.0002902328563862811,39507218439.316864
