MSE,MAPE
0.0002954179921048943,35910014876.55884
