MSE,MAPE
0.00024706209668451834,19216281101.302418
