MSE,MAPE
0.000303528649609941,64997386548.267136
