MSE,MAPE
0.00030626196403638555,56880961629.048416
