MSE,MAPE
0.0003930739220193401,11618431707.202297
