MSE,MAPE
0.00039262161126059065,10611053235.485147
