MSE,MAPE
0.0020618391219516343,120174749831.08047
