MSE,MAPE
0.0011537277889546867,56400255796.801926
