MSE,MAPE
0.0015823282880184173,125292598372.08492
