MSE,MAPE
0.00028248420177029573,108405903192.69235
