MSE,MAPE
0.0003091623417149353,216500810745.53796
