MSE,MAPE
0.0003049311787034013,184803178233.07724
