MSE,MAPE
0.0002208146803894173,73903462800.81866
