MSE,MAPE
0.00022959782920223262,108070836407.30234
