MSE,MAPE
0.0016442003693452338,182002509386.17606
