MSE,MAPE
0.0015572636086639716,25231921205.78038
