MSE,MAPE
0.0004929404787115147,65450658383.21334
