MSE,MAPE
0.0003055447082245519,33702440038.95385
