MSE,MAPE
0.0003075398839421278,27850569421.26907
