MSE,MAPE
0.0004888647176123955,64261997163.995155
