MSE,MAPE
0.0002061226266482765,42430037433.86878
