MSE,MAPE
0.00020112749206047155,43670379575.66052
