MSE,MAPE
0.0005949925881000313,103054163377.80615
