MSE,MAPE
0.00031464735634412715,168546582913.11234
