MSE,MAPE
0.0003601598527330269,265108429822.61203
