MSE,MAPE
0.0003626420162014781,273654278031.00803
