MSE,MAPE
0.00040402160681189,378390488117.59686
