MSE,MAPE
0.0016940331285175158,184365714272.16245
