MSE,MAPE
0.0018693267811750879,114296364449.74779
