MSE,MAPE
0.0021553096245098442,75268803436.97589
