MSE,MAPE
0.0012698593260896444,178235069945.44806
