MSE,MAPE
0.00016506724534807977,13149564737.65522
