MSE,MAPE
0.00032423727213872036,33166980711.229084
