MSE,MAPE
0.0003347033532079983,36792952879.00975
