MSE,MAPE
0.00016746200178120586,13706749684.163118
