MSE,MAPE
0.0006261755129152596,138360165916.98642
