MSE,MAPE
0.0006304860143346476,136299819803.67484
