MSE,MAPE
0.002150322811607937,56139076220.011566
