MSE,MAPE
0.0012927755965821007,52569810985.73357
