MSE,MAPE
0.003055337697478348,62080008282.18961
