MSE,MAPE
0.0017911772913602542,56953477361.53121
