MSE,MAPE
0.0017710495554043792,177978804762.06085
