MSE,MAPE
0.00030695727245800517,139548827136.19626
