MSE,MAPE
0.0003117225140179244,136933772453.91771
