MSE,MAPE
0.00015374928495977359,112897525161.48006
