MSE,MAPE
0.00015520677279841434,113858570402.54839
