MSE,MAPE
0.0011524680131022196,29257521897.68313
