MSE,MAPE
0.001387001003941121,54440210223.41068
