MSE,MAPE
0.0004574384866514267,82321967336.78903
