MSE,MAPE
0.0004516568247910789,88661493839.28043
