MSE,MAPE
0.0002219398068375395,18555158856.12907
