MSE,MAPE
0.00022138269085291603,16935958672.934149
