MSE,MAPE
0.0009112633546511489,69604446071.28825
