MSE,MAPE
0.001546964160648737,333712051081.37976
