MSE,MAPE
0.0011749261660149667,256928024098.15097
