MSE,MAPE
0.0027033380210635632,182761918440.33847
