MSE,MAPE
0.001650923983732188,86564519806.32182
