MSE,MAPE
0.002971409591245385,235251825172.42883
