MSE,MAPE
0.0002004285267435033,134416725779.10634
