MSE,MAPE
0.0001949920983071578,132406305112.35416
