MSE,MAPE
0.00029567595766189707,244757763885.47314
