MSE,MAPE
0.00029717432284736536,244686799036.56555
