MSE,MAPE
0.00017597931690193592,102898709081.33365
