MSE,MAPE
0.00017123584629506636,117000921097.08081
