MSE,MAPE
0.0003126913327605526,55127093840.04376
