MSE,MAPE
0.0003210801022829019,57698620083.30829
