MSE,MAPE
0.00019968268131735832,10114426374.485207
