MSE,MAPE
0.00019704029165561486,8385464601.079438
