MSE,MAPE
0.0002831951048185067,20685156062.316692
