MSE,MAPE
0.0002753070009118282,26812275749.004196
