MSE,MAPE
0.00036622259175842533,45221955717.854485
