MSE,MAPE
0.00038215797297297334,43784996377.29033
