MSE,MAPE
0.00021586719413918055,23009363404.19194
