MSE,MAPE
0.00021436109063242202,20577479467.170773
