MSE,MAPE
0.0021988195730926153,27864761575.836094
