MSE,MAPE
0.000934591472384183,51703511302.40818
