MSE,MAPE
0.00030489283695545174,23332071766.968616
