MSE,MAPE
0.00030221312435504104,23479122639.449257
