MSE,MAPE
0.0004057380092960869,44318256701.81749
