MSE,MAPE
0.00023510733897372753,10824057511.784832
