MSE,MAPE
0.0002445117009699052,10576650482.945951
