MSE,MAPE
0.00041058998966410034,47380900457.63112
