MSE,MAPE
0.0003147132418088305,35816426677.32517
