MSE,MAPE
0.000309743658417905,39350495343.76996
