MSE,MAPE
0.0003377049014723075,29105615541.58937
