MSE,MAPE
0.00032932587976194666,31473057954.058483
