MSE,MAPE
0.0002787952143877394,171857296087.65738
