MSE,MAPE
0.0002623547955447174,22449843799.78878
