MSE,MAPE
0.0004314957909092541,19408704215.38436
