MSE,MAPE
0.0002550794391217046,16307905401.749346
