MSE,MAPE
0.0004207850528968329,16287706552.617096
