MSE,MAPE
0.0006831213266990794,46615944503.23274
