MSE,MAPE
0.0015645616253569597,72466612577.68466
