MSE,MAPE
0.0012714963465610238,267846122646.60092
