MSE,MAPE
0.0007833507790683514,29248272203.108036
