MSE,MAPE
0.00027301910170711685,51091724042.80225
