MSE,MAPE
0.00027568470362685643,50362788939.72866
