MSE,MAPE
0.00043237211453889127,32179725782.69249
