MSE,MAPE
0.00042104158725710236,37241705119.28322
