MSE,MAPE
0.0001944993511019651,151274991064.85175
