MSE,MAPE
0.0002603988288569332,124909571637.09755
