MSE,MAPE
0.00025061885317723224,126651199797.12247
