MSE,MAPE
0.0003113691984195848,73013856959.80487
