MSE,MAPE
0.00023433023356933845,15192018465.498861
