MSE,MAPE
0.00024253916916063955,10737216058.34134
