MSE,MAPE
0.00031155074143703764,77385944202.90327
