MSE,MAPE
0.00016460056957347981,6323677686.297058
