MSE,MAPE
0.00026304290694383986,15089591525.447691
