MSE,MAPE
0.00016545730099239885,8843639471.038925
