MSE,MAPE
0.0002700267891299046,14235463703.256306
