MSE,MAPE
0.0005634108267667033,28527869261.279125
