MSE,MAPE
0.0007255585001862139,98342907959.61475
