MSE,MAPE
0.0005785662630061977,31111915390.01172
