MSE,MAPE
0.0002907965859264558,21817850950.214928
