MSE,MAPE
0.00041341829397016416,80804327441.17397
