MSE,MAPE
0.0004057280231266877,82972248421.30203
