MSE,MAPE
0.00029175147038377526,24699453905.893013
