MSE,MAPE
0.0004107411722189455,65815333233.430084
