MSE,MAPE
0.0007516591859853522,32603279155.761402
