MSE,MAPE
0.00040565480809186683,61080417173.47622
