MSE,MAPE
0.000739951556272478,33821217744.90955
