MSE,MAPE
0.0004663802561958262,13937279639.126543
