MSE,MAPE
0.0006355875712077856,273702165955.54956
