MSE,MAPE
0.0003184175206306967,122626071217.74878
