MSE,MAPE
0.00032022803536542065,128116790824.51135
