MSE,MAPE
0.00015995725401747655,181778191329.16763
