MSE,MAPE
0.0002610152089368105,64689045943.87608
