MSE,MAPE
0.0002531056244316994,59966745589.979965
