MSE,MAPE
0.00015559893661345195,188388307377.49948
