MSE,MAPE
0.00013294804947092944,13248898083.921051
