MSE,MAPE
0.00029513938608338,20476873143.902836
