MSE,MAPE
0.0002957480349030702,19018579507.547054
