MSE,MAPE
0.00013267761339525648,15207740542.556175
