MSE,MAPE
0.0002633773384855509,125236970195.56754
