MSE,MAPE
0.0031277139096222194,31855986738.881824
