MSE,MAPE
0.00161994481634874,196319173097.73193
