MSE,MAPE
0.0015092807056016249,190046250188.53796
