MSE,MAPE
0.002180685071576612,107464957530.44583
