MSE,MAPE
0.00024601727862077637,14443095162.256683
