MSE,MAPE
0.0002487563838649621,11631652974.195646
