MSE,MAPE
0.00022555091070492579,12789787092.424501
