MSE,MAPE
0.00022790226255555137,9218612774.42706
