MSE,MAPE
0.0007231449814011536,18079390396.057148
