MSE,MAPE
0.0007394944101766367,19135978146.472107
