MSE,MAPE
0.0006142566105871813,171470507083.33224
