MSE,MAPE
0.0003077223003784657,64408282146.548904
