MSE,MAPE
0.00030683913676445197,61859400356.886536
