MSE,MAPE
0.0005559024575273564,7896603187.412161
