MSE,MAPE
0.0005725927357123972,7785383424.211673
