MSE,MAPE
0.00024793626330059626,127560752896.01599
