MSE,MAPE
0.00025245652041357044,221403792358.50293
