MSE,MAPE
0.0003480916499821269,45268732350.18119
