MSE,MAPE
0.0003396170170586518,51465460841.910934
