MSE,MAPE
0.00045086668001098303,34356143626.47477
