MSE,MAPE
0.00044093805246779046,30675128237.931004
