MSE,MAPE
0.0003662956733185736,40878108650.99242
