MSE,MAPE
0.0003680068377116267,33531351796.679592
