MSE,MAPE
0.0010487829424267608,28431836070.85089
