MSE,MAPE
0.0014984573719756095,68818997956.54253
