MSE,MAPE
0.002009951845887406,214916463176.35486
