MSE,MAPE
0.0011060013402215284,60258799242.17759
