MSE,MAPE
0.001656729918184118,131702200272.53227
