MSE,MAPE
0.0008255898358837683,45060529769.05413
