MSE,MAPE
0.003142822306419206,440972069016.68884
