MSE,MAPE
0.002005833573221263,179471486969.63086
