MSE,MAPE
0.00019467361514028227,15883293012.05246
