MSE,MAPE
0.00018626332392349403,12598528226.847498
