MSE,MAPE
0.00022044631592509173,44029899058.027336
