MSE,MAPE
0.00028886018286690125,49241792482.81822
