MSE,MAPE
0.00028127131827200504,45639846551.20844
