MSE,MAPE
0.0003504963805354386,34122098501.199574
