MSE,MAPE
0.00029400893893901926,19649213033.959515
