MSE,MAPE
0.0002880180523416901,9269728408.086956
