MSE,MAPE
0.00029794654154771753,21949288138.262203
