MSE,MAPE
0.0002944352255780883,9726686850.736961
