MSE,MAPE
0.0005277174597028118,256099139005.71805
