MSE,MAPE
0.0003877187081688697,67468625945.15431
