MSE,MAPE
0.00030583945462023444,334695821332.48364
