MSE,MAPE
0.0003994865414428082,62133096852.55775
