MSE,MAPE
0.00035260362316248353,114831877783.84966
