MSE,MAPE
0.0004982027106069282,215179238055.90866
