MSE,MAPE
0.0005088891001459406,209372680595.66284
