MSE,MAPE
0.003072314837069315,67403736686.65774
