MSE,MAPE
0.0015123860035356367,86139216379.89369
