MSE,MAPE
0.0016214003848508667,65538390431.496506
