MSE,MAPE
0.000519922603437061,206209535513.27063
