MSE,MAPE
0.0015456146919671269,102014720695.98325
